{
    "5m.csv": {
        "0": {
            "total_touches": 2166,
            "success_rate": 0.5734072022160664,
            "avg_rr_ratio": 2.1970558685982646,
            "avg_gain": 1.6160382239358746,
            "avg_loss": 0.28968094236133823,
            "expected_return": 1.3263572815745366,
            "avg_volume": 906140687029.6294,
            "best_tokens": [
                "dracoAfhWox6saRpRcovijFSN1b5HHqHPpRSz19neFh",
                "78uwrc1UaKhue3Haud3Z4b3YpHG5Qb493DChchqcpump",
                "6ankmURHg2te1Yv2FHEfTT6hm9DytjwwQDoMWWgspump",
                "5KuqY1mu1sn7f2U6L53idr2Ht5vk4513H6o5T2Vupump",
                "Fqvpb9bahTiNyyCR1bahU1DBkU2CcESDwmGnwdeEpump"
            ]
        },
        "0.236": {
            "total_touches": 3834,
            "success_rate": 0.21178925404277518,
            "avg_rr_ratio": 2.554537898648544,
            "avg_gain": 1.1465885681273216,
            "avg_loss": 0.478192166751926,
            "expected_return": 0.6683964013753956,
            "avg_volume": 1432543631949.6028,
            "best_tokens": [
                "78uwrc1UaKhue3Haud3Z4b3YpHG5Qb493DChchqcpump",
                "8sqkgSRcpgQvEPcZ5jeh5sSPw1W9sAYHGX9JTT5fpump",
                "5KuqY1mu1sn7f2U6L53idr2Ht5vk4513H6o5T2Vupump",
                "FXX1PtSZYGPYUeuoUA5JxD8xXZHZiCkjFhpFKK2BS6B2",
                "2D1rGw1B3pK7kCrpojD6LssG7bBfy4hmnUUnkpCDsjVR"
            ]
        },
        "0.382": {
            "total_touches": 5574,
            "success_rate": 0.2691065662002153,
            "avg_rr_ratio": 2.8998149787821825,
            "avg_gain": 0.9634501273684037,
            "avg_loss": 0.4479916733521672,
            "expected_return": 0.5154584540162366,
            "avg_volume": 373568770686.6169,
            "best_tokens": [
                "EQu5dExRRqacpTPgKciRRtJNztqzYJPYEyLUQXix7qNP",
                "AFupKyMR75kZ2V6ooCwQHpBtLr6hAt866KWaMUrgpump",
                "HYTWunEns5k3CBBrr8gTJjNqA93avuEPB3RB1Kud3MWg",
                "HaNvJ9qV88rHFEYsjMHQwi1nRy3DdnKJyLUjBhcMpump",
                "FTugWk3sqjLJYbsxbTEdbnenYRPaqGJAC8JXriUspump"
            ]
        },
        "0.5": {
            "total_touches": 6700,
            "success_rate": 0.36134328358208956,
            "avg_rr_ratio": 3.759159746106966,
            "avg_gain": 0.9091166353608785,
            "avg_loss": 0.41380357624352687,
            "expected_return": 0.4953130591173516,
            "avg_volume": 666800506026.8162,
            "best_tokens": [
                "EQu5dExRRqacpTPgKciRRtJNztqzYJPYEyLUQXix7qNP",
                "AFupKyMR75kZ2V6ooCwQHpBtLr6hAt866KWaMUrgpump",
                "3WbARz9yrrPeNvxYTAqodqgmxsTS1fceKcuzep2Apump",
                "7AcpfFuRJMRGhxvLQg4g7TCWCK22Fv83CLVrt9hEpump",
                "HYTWunEns5k3CBBrr8gTJjNqA93avuEPB3RB1Kud3MWg"
            ]
        },
        "0.618": {
            "total_touches": 6958,
            "success_rate": 0.41635527450416787,
            "avg_rr_ratio": 4.119981281734259,
            "avg_gain": 0.9637048294481775,
            "avg_loss": 0.40417863784618474,
            "expected_return": 0.5595261916019927,
            "avg_volume": 479545291383.0649,
            "best_tokens": [
                "6ankmURHg2te1Yv2FHEfTT6hm9DytjwwQDoMWWgspump",
                "AFupKyMR75kZ2V6ooCwQHpBtLr6hAt866KWaMUrgpump",
                "DtWz93pDUZe5cYqBFmZjXq1wzZqZPygCeox5d3ajpump",
                "3WbARz9yrrPeNvxYTAqodqgmxsTS1fceKcuzep2Apump",
                "7AcpfFuRJMRGhxvLQg4g7TCWCK22Fv83CLVrt9hEpump"
            ]
        },
        "0.786": {
            "total_touches": 5730,
            "success_rate": 0.4952879581151832,
            "avg_rr_ratio": 6.464555204921989,
            "avg_gain": 1.2046896940791627,
            "avg_loss": 0.3813485599333218,
            "expected_return": 0.823341134145841,
            "avg_volume": 175989252.57272357,
            "best_tokens": [
                "6ankmURHg2te1Yv2FHEfTT6hm9DytjwwQDoMWWgspump",
                "27vMFjJerzLd5iZX2tRWL4eHUTr5Lfh5YWdakU3Zpump",
                "5KuqY1mu1sn7f2U6L53idr2Ht5vk4513H6o5T2Vupump",
                "4LzqcMvVM56wSDVpnRfK6VwLKyxJkcDCJuQMaEDkpump",
                "5nFS243yLc8fFkYWGfmbyU1Z5TpkeGiKMRBAx8sAonYf"
            ]
        },
        "0.886": {
            "total_touches": 4461,
            "success_rate": 0.5418067697825599,
            "avg_rr_ratio": 9.893265451001582,
            "avg_gain": 1.8192141335042233,
            "avg_loss": 0.3720253649526679,
            "expected_return": 1.4471887685515552,
            "avg_volume": 220522555.77808785,
            "best_tokens": [
                "6ankmURHg2te1Yv2FHEfTT6hm9DytjwwQDoMWWgspump",
                "418QJC9cHmUXYFDEg78bAZE765WS4PX9Kxwznx2Hpump",
                "4LzqcMvVM56wSDVpnRfK6VwLKyxJkcDCJuQMaEDkpump",
                "4sx9a8c81cPWYPy3QVptKcgZu87ncixZp5d2cxeVpump",
                "8bRjTSp7mdoHgneFwAZXvTWnVRKUfb4Hr36skQKBpump"
            ]
        },
        "1": {
            "total_touches": 1716,
            "success_rate": 0.4988344988344988,
            "avg_rr_ratio": 35.28454151580391,
            "avg_gain": 3.7428586633020555,
            "avg_loss": 0.4006119364288629,
            "expected_return": 3.3422467268731926,
            "avg_volume": 379700347.50007504,
            "best_tokens": [
                "EWQZj3fteHnkfad7oK46pES5QixJm7nbL8izM3xfzAHx",
                "8sqkgSRcpgQvEPcZ5jeh5sSPw1W9sAYHGX9JTT5fpump",
                "5emZ2w29VGRMkrpDmZ7QyAB35W2upSoYTie35L7kpump",
                "Fqvpb9bahTiNyyCR1bahU1DBkU2CcESDwmGnwdeEpump",
                "4sx9a8c81cPWYPy3QVptKcgZu87ncixZp5d2cxeVpump"
            ]
        }
    },
    "15m.csv": {
        "0": {
            "total_touches": 1029,
            "success_rate": 0.42857142857142855,
            "avg_rr_ratio": 3.7186677689913066,
            "avg_gain": 1.6375802328718057,
            "avg_loss": 0.41804499208942186,
            "expected_return": 1.2195352407823838,
            "avg_volume": 2753321158995.3657,
            "best_tokens": [
                "dracoAfhWox6saRpRcovijFSN1b5HHqHPpRSz19neFh",
                "4ALKS249vAS3WSCUxXtHJVZN753kZV6ucEQC41421Rka",
                "5KuqY1mu1sn7f2U6L53idr2Ht5vk4513H6o5T2Vupump",
                "8bRjTSp7mdoHgneFwAZXvTWnVRKUfb4Hr36skQKBpump",
                "9dV5wyv4U9MHtz8r28JNmkVimrE7mAGDiddyK9e3pump"
            ]
        },
        "0.236": {
            "total_touches": 2011,
            "success_rate": 0.21979114868224764,
            "avg_rr_ratio": 3.0767412466122916,
            "avg_gain": 1.1421196736020924,
            "avg_loss": 0.5312445164373019,
            "expected_return": 0.6108751571647907,
            "avg_volume": 3064415778027.0356,
            "best_tokens": [
                "4ALKS249vAS3WSCUxXtHJVZN753kZV6ucEQC41421Rka",
                "5KuqY1mu1sn7f2U6L53idr2Ht5vk4513H6o5T2Vupump",
                "8bRjTSp7mdoHgneFwAZXvTWnVRKUfb4Hr36skQKBpump",
                "9ZiBsj8MivwYw4GkNrZ3F3p3tfCwJrJqKdFgBwBCpump",
                "FRMduUqT6Kri5BbTcBh7tZHL7UmtC7YSLSngGKUMpump"
            ]
        },
        "0.382": {
            "total_touches": 2724,
            "success_rate": 0.2907488986784141,
            "avg_rr_ratio": 3.4808877852332065,
            "avg_gain": 1.0345975925689683,
            "avg_loss": 0.5027787064949165,
            "expected_return": 0.5318188860740517,
            "avg_volume": 2538128131425.069,
            "best_tokens": [
                "4ALKS249vAS3WSCUxXtHJVZN753kZV6ucEQC41421Rka",
                "5KuqY1mu1sn7f2U6L53idr2Ht5vk4513H6o5T2Vupump",
                "5CKTaH3mTrawpj26ktp2KHudGkznnrQs59vDMuhNTkVZ",
                "8bRjTSp7mdoHgneFwAZXvTWnVRKUfb4Hr36skQKBpump",
                "D4N5vcpdxysThXZqT1VEJYcQzvp59Eff4fHQvbL9pump"
            ]
        },
        "0.5": {
            "total_touches": 3276,
            "success_rate": 0.34645909645909645,
            "avg_rr_ratio": 3.5090050901986096,