{
    "5m.csv": {
        "0": {
            "total_touches": 2166,
            "success_rate": 0.5734072022160664,
            "avg_rr_ratio": 2.1970558685982646,
            "avg_gain": 1.6160382239358746,
            "avg_loss": 0.28968094236133823,
            "expected_return": 1.3263572815745366,
            "avg_volume": 906140687029.6294,
            "best_tokens": [
                "AyGMknLz2MGkWcU1JQzM3CS8zNhmfMisNUBTp2d28533",
                "78uwrc1UaKhue3Haud3Z4b3YpHG5Qb493DChchqcpump",
                "76hZJqGxtmQjRMMQ4mBa3b4fnq4w5DRtTFChtxnpump",
                "5ULDXfva7noqKU8D2E3fHC7fkgncm6dAHEUfLrDZ3mjE",
                "6pQ5UgpPP5Ny1vfoxRRWVuFvkXAfNH5QgdWN975Sovc"
            ]
        },
        "0.236": {
            "total_touches": 3834,
            "success_rate": 0.21178925404277518,
            "avg_rr_ratio": 2.554537898648544,
            "avg_gain": 1.1465885681273216,
            "avg_loss": 0.478192166751926,
            "expected_return": 0.6683964013753956,
            "avg_volume": 1432543631949.6028,
            "best_tokens": [
                "78uwrc1UaKhue3Haud3Z4b3YpHG5Qb493DChchqcpump",
                "5ULDXfva7noqKU8D2E3fHC7fkgncm6dAHEUfLrDZ3mjE",
                "CJ8oT6dHzyHsXBq6JdhRHiRto3Le96pHyPchqfYdPxhN",
                "2BBEjW3bh3Z9vZhNu6CCw121owqWquc1KWNorFG9pump",
                "Fqvpb9bahTiNyyCR1bahU1DBkU2CcESDwmGnwdeEpump"
            ]
        },
        "0.382": {
            "total_touches": 5574,
            "success_rate": 0.2691065662002153,
            "avg_rr_ratio": 2.8998149787821825,
            "avg_gain": 0.9634501273684037,
            "avg_loss": 0.4479916733521672,
            "expected_return": 0.5154584540162366,
            "avg_volume": 373568770686.6169,
            "best_tokens": [
                "78uwrc1UaKhue3Haud3Z4b3YpHG5Qb493DChchqcpump",
                "CJ8oT6dHzyHsXBq6JdhRHiRto3Le96pHyPchqfYdPxhN",
                "8xYRpyGK8Szk88gDFyBm7qe3XYxQFqhe7iZBo6LrE9sK",
                "DM42BEpYGbTtcYyajmg2wVFiH3V9uAahHpS4nqWoBSHt",
                "eSKEaSVP4fZRSbsZD4yVoRKbSWaTbmpMDq2dUQ9pump"
            ]
        },
        "0.5": {
            "total_touches": 6700,
            "success_rate": 0.36134328358208956,
            "avg_rr_ratio": 3.759159746106966,
            "avg_gain": 0.9091166353608785,
            "avg_loss": 0.41380357624352687,
            "expected_return": 0.4953130591173516,
            "avg_volume": 666800506026.8162,
            "best_tokens": [
                "78uwrc1UaKhue3Haud3Z4b3YpHG5Qb493DChchqcpump",
                "8UGQsnUWTyYBtybCA8gxSU8QnnffvQPWQATaCWQYpump",
                "CJ8oT6dHzyHsXBq6JdhRHiRto3Le96pHyPchqfYdPxhN",
                "8xYRpyGK8Szk88gDFyBm7qe3XYxQFqhe7iZBo6LrE9sK",
                "DM42BEpYGbTtcYyajmg2wVFiH3V9uAahHpS4nqWoBSHt"
            ]
        },
        "0.618": {
            "total_touches": 6958,
            "success_rate": 0.41635527450416787,
            "avg_rr_ratio": 4.119981281734259,
            "avg_gain": 0.9637048294481775,
            "avg_loss": 0.40417863784618474,
            "expected_return": 0.5595261916019927,
            "avg_volume": 479545291383.0649,
            "best_tokens": [
                "8UGQsnUWTyYBtybCA8gxSU8QnnffvQPWQATaCWQYpump",
                "CJ8oT6dHzyHsXBq6JdhRHiRto3Le96pHyPchqfYdPxhN",
                "EswvJvhPy8A8rWPdLJ5ATYW6cY5x483oS4QWWroZpump",
                "8xYRpyGK8Szk88gDFyBm7qe3XYxQFqhe7iZBo6LrE9sK",
                "DM42BEpYGbTtcYyajmg2wVFiH3V9uAahHpS4nqWoBSHt"
            ]
        },
        "0.786": {
            "total_touches": 5730,
            "success_rate": 0.4952879581151832,
            "avg_rr_ratio": 6.464555204921989,
            "avg_gain": 1.2046896940791627,
            "avg_loss": 0.3813485599333218,
            "expected_return": 0.823341134145841,
            "avg_volume": 175989252.57272357,
            "best_tokens": [
                "78uwrc1UaKhue3Haud3Z4b3YpHG5Qb493DChchqcpump",
                "FS3GYZEzE3zS1NdtCRfzrtc2fY7SWxk91b8Z843vpump",
                "CJ8oT6dHzyHsXBq6JdhRHiRto3Le96pHyPchqfYdPxhN",
                "5nFS243yLc8fFkYWGfmbyU1Z5TpkeGiKMRBAx8sAonYf",
                "EswvJvhPy8A8rWPdLJ5ATYW6cY5x483oS4QWWroZpump"
            ]
        },
        "1": {
            "total_touches": 1716,
            "success_rate": 0.4988344988344988,
            "avg_rr_ratio": 35.28454151580391,
            "avg_gain": 3.7428586633020555,
            "avg_loss": 0.4006119364288629,
            "expected_return": 3.3422467268731926,
            "avg_volume": 379700347.50007504,
            "best_tokens": [
                "9w3ACAZdjV3r1vnqArEojkdTEVc1ZgJ5gLaxLQATpump",
                "EWQZj3fteHnkfad7oK46pES5QixJm7nbL8izM3xfzAHx",
                "2ho4cNvfFV9DWvw7DzCqrN2HMRdvzYJFHTR2Ts8Kpump",
                "CJ8oT6dHzyHsXBq6JdhRHiRto3Le96pHyPchqfYdPxhN",
                "238pAXUg7kdRZj5SK8XZZamFSTrhEGz4ZgegYGKDpump"
            ]
        }
    },
    "15m.csv": {
        "0": {
            "total_touches": 1029,
            "success_rate": 0.42857142857142855,
            "avg_rr_ratio": 3.7186677689913066,
            "avg_gain": 1.6375802328718057,
            "avg_loss": 0.41804499208942186,
            "expected_return": 1.2195352407823838,
            "avg_volume": 2753321158995.3657,
            "best_tokens": [
                "8SJHvukeqYDyGi64zdv4AM4GrktUtaB7wPMgM3EHpump",
                "F9GqoJRPzQnGzvP7cQzLHB7C22DToHQYWfsPvhKwqrpC",
                "784VBrpFx9oSVZBuJaLWemmK55SMZEhLzZYjiMG9pump",
                "5ULDXfva7noqKU8D2E3fHC7fkgncm6dAHEUfLrDZ3mjE",
                "2ho4cNvfFV9DWvw7DzCqrN2HMRdvzYJFHTR2Ts8Kpump"
            ]
        },
        "0.236": {
            "total_touches": 2011,
            "success_rate": 0.21979114868224764,
            "avg_rr_ratio": 3.0767412466122916,
            "avg_gain": 1.1421196736020924,
            "avg_loss": 0.5312445164373019,
            "expected_return": 0.6108751571647907,
            "avg_volume": 3064415778027.0356,
            "best_tokens": [
                "784VBrpFx9oSVZBuJaLWemmK55SMZEhLzZYjiMG9pump",
                "5ULDXfva7noqKU8D2E3fHC7fkgncm6dAHEUfLrDZ3mjE",
                "2ho4cNvfFV9DWvw7DzCqrN2HMRdvzYJFHTR2Ts8Kpump",
                "BGzw16kv9jP28qVXFVzUdXSU8r9dEV4SYK7P3HfdVVN2",
                "GB2RP1BbGnFvB62UMzWJ8b5BW8hYcEmwVtkh2ADKpump"
            ]
        },
        "0.382": {
            "total_touches": 2724,
            "success_rate": 0.2907488986784141,
            "avg_rr_ratio": 3.4808877852332065,
            "avg_gain": 1.0345975925689683,
            "avg_loss": 0.5027787064949165,
            "expected_return": 0.5318188860740517,
            "avg_volume": 2538128131425.069,
            "best_tokens": [
                "2ho4cNvfFV9DWvw7DzCqrN2HMRdvzYJFHTR2Ts8Kpump",
                "BGzw16kv9jP28qVXFVzUdXSU8r9dEV4SYK7P3HfdVVN2",
                "D4N5vcpdxysThXZqT1VEJYcQzvp59Eff4fHQvbL9pump",
                "GPrF7LXiQAY8Y9Fci7et2C7a9JsrCBDRvEAKLCjLpump",
                "8bRjTSp7mdoHgneFwAZXvTWnVRKUfb4Hr36skQKBpump"
            ]
        },
        "0.5": {
            "total_touches": 3276,
            "success_rate": 0.34645909645909645,
            "avg_rr_ratio": 3.5090050901986096,
            "avg_gain": 1.0169634234568603,
            "avg_loss": 0.48966919736200976,
            "expected_return": 0.5272942260948505,
            "avg_volume": 2853020288846.478,
            "best_tokens": [
                "2ho4cNvfFV9DWvw7DzCqrN2HMRdvzYJFHTR2Ts8Kpump",
                "BGzw16kv9jP28qVXFVzUdXSU8r9dEV4SYK7P3HfdVVN2",
                "D4N5vcpdxysThXZqT1VEJYcQzvp59Eff4fHQvbL9pump",
                "rDGNQh7d1Fb4SHqVdpSiENyNsvdQEVdggnqy1HZpump",
                "GPrF7LXiQAY8Y9Fci7et2C7a9JsrCBDRvEAKLCjLpump"
            ]
        },
        "0.618": {
            "total_touches": 3328,
            "success_rate": 0.40564903846153844,
            "avg_rr_ratio": 4.426058721119955,
            "avg_gain": 1.0930973081665718,